split,method,seed,round,accuracy,balanced_accuracy,macro_f1,rare_macro_f1
d0,fedavg,42,1,0.4028708133971292,0.247355965086949,0.22933735098847882,0.0
d0,fedavg,42,2,0.4430622009569378,0.298640890036926,0.2679632464007877,0.0
d0,fedavg,42,3,0.4755980861244019,0.33717791988696916,0.2983200208883982,0.05714285714285714
d0,fedavg,42,4,0.4966507177033493,0.352758181358896,0.3131193794943652,0.06382978723404255
d0,fedavg,42,5,0.49186602870813395,0.3999946131950399,0.3471954770061782,0.13837730214036834
d0,fedavg,42,6,0.5110047846889952,0.41646952993579917,0.36217952251603946,0.16451612903225807
d0,fedavg,42,7,0.5196172248803828,0.4353947267546606,0.37771533037712074,0.20121212121212123
d0,fedavg,42,8,0.5272727272727272,0.4489082864979138,0.38651793656156996,0.20346320346320346
d0,fedavg,42,9,0.523444976076555,0.4659602079719876,0.38592578423096296,0.20532915360501566
d0,fedavg,42,10,0.5311004784688995,0.4403567949197949,0.38354659164865046,0.19264069264069264
d0,fedavg,42,11,0.5301435406698565,0.45114043412961624,0.3801377414125048,0.17887154861944776
d0,fedavg,42,12,0.523444976076555,0.45876105018617114,0.3851513660915903,0.1855737704918033
d0,fedavg,42,13,0.5119617224880383,0.45779421058224923,0.3763233377620851,0.18681318681318682
d0,fedavg,42,14,0.5148325358851674,0.45808084257792103,0.3746126718522761,0.1716589861751152
d0,fedavg,42,15,0.5301435406698565,0.46807887205467996,0.39182284561664066,0.19682539682539682
d0,fedavg,42,16,0.5263157894736842,0.46262483658400494,0.3894524448267717,0.20634920634920634
d0,fedavg,42,17,0.523444976076555,0.4667748197800119,0.3845711123598795,0.19432624113475178
d0,fedavg,42,18,0.507177033492823,0.4568940919865172,0.3772161058295702,0.18128654970760233
d0,fedavg,42,19,0.5330143540669856,0.4672035266714004,0.39369158319364406,0.1939655172413793
d0,fedavg,42,20,0.5358851674641149,0.4590270338823141,0.39149183016220535,0.1875
d0,fedavg,42,21,0.5349282296650718,0.47314405483434196,0.3987440817466797,0.19710144927536233
d0,fedavg,42,22,0.5311004784688995,0.4614715610573897,0.3919062225857092,0.18703855619360132
d0,fedavg,42,23,0.5282296650717704,0.45609844081221024,0.388933606760336,0.18636363636363634
d0,fedavg,42,24,0.5205741626794258,0.45352570687029675,0.380068751738367,0.18703855619360132
d0,fedavg,42,25,0.5330143540669856,0.4589807781268548,0.39341571346773624,0.18506493506493504
d0,fedavg,42,26,0.539712918660287,0.4575016687758045,0.3981495594673942,0.18787878787878787
d0,fedavg,42,27,0.5444976076555024,0.45973463501927636,0.40054604566709123,0.17904761904761904
d0,fedavg,42,28,0.5339712918660288,0.4630053358603657,0.39762497295144694,0.19405594405594406
d0,fedavg,42,29,0.5311004784688995,0.4422904152660817,0.38409128433138745,0.16450441100155683
d0,fedavg,42,30,0.5377990430622009,0.44811815339660716,0.39277794841132174,0.17391304347826086
d0,fedavg,42,31,0.5215311004784688,0.4432381877069573,0.37956410010445907,0.16847590099869733
d0,fedavg,42,32,0.5272727272727272,0.4483922545375642,0.38533204233673873,0.17891682785299806
d0,fedavg,42,33,0.5349282296650718,0.4554273233650545,0.3905842082421285,0.15931372549019607
d0,fedavg,42,34,0.523444976076555,0.4419494804830663,0.38465963213862375,0.18831168831168832
d0,fedavg,42,35,0.523444976076555,0.44783397175748313,0.38694931737152116,0.18498942917547567
d0,fedavg,42,36,0.5406698564593302,0.4501686687175764,0.39742669419749876,0.1873015873015873
d0,fedavg,42,37,0.5311004784688995,0.44991320062131673,0.389204918859219,0.17681159420289855
d0,fedavg,42,38,0.5349282296650718,0.4398038288012123,0.3881395045370556,0.1758893280632411
d0,fedavg,42,39,0.5205741626794258,0.4428840251587391,0.37990104657437723,0.16944444444444445
d0,fedavg,42,40,0.5464114832535886,0.45693339852154835,0.40381685978678294,0.19285309132161088
d0,camp_a_reported,42,1,0.39712918660287083,0.24527768528430377,0.2289264029599063,0.0
d0,camp_a_reported,42,2,0.43636363636363634,0.298587412974801,0.2692957315018917,0.02702702702702703
d0,camp_a_reported,42,3,0.47081339712918663,0.34307818570102294,0.29715658784747984,0.058823529411764705
d0,camp_a_reported,42,4,0.49282296650717705,0.3501965258190423,0.31030090581396497,0.05357142857142857
d0,camp_a_reported,42,5,0.48995215311004786,0.427238598266712,0.357535416478372,0.17562724014336917
d0,camp_a_reported,42,6,0.5062200956937799,0.4251765481367396,0.35953444548762276,0.15194805194805194
d0,camp_a_reported,42,7,0.5148325358851674,0.44055413693497136,0.37445851459057083,0.19517543859649122
d0,camp_a_reported,42,8,0.522488038277512,0.4553113683841478,0.3787379730729548,0.17905405405405406
d0,camp_a_reported,42,9,0.5148325358851674,0.45795645770001264,0.37557004007107947,0.18305504019789734
d0,camp_a_reported,42,10,0.5253588516746411,0.4579827430408283,0.3852755426462316,0.20634920634920634
d0,camp_a_reported,42,11,0.523444976076555,0.45528532495168733,0.3763708722713909,0.17575757575757575
d0,camp_a_reported,42,12,0.5215311004784688,0.4556966408295883,0.38020594350622167,0.1687924016282225
d0,camp_a_reported,42,13,0.509090909090909,0.455992465017097,0.3717116069657464,0.16969696969696968
d0,camp_a_reported,42,14,0.509090909090909,0.45816496510694166,0.371328464030302,0.1564894358021825
d0,camp_a_reported,42,15,0.5253588516746411,0.4657654232034684,0.3862939429169369,0.18470149253731344
d0,camp_a_reported,42,16,0.5263157894736842,0.46209470427961336,0.3856731765111109,0.1901362751460091
d0,camp_a_reported,42,17,0.522488038277512,0.4675205659802878,0.3800731937146285,0.17081260364842454
d0,camp_a_reported,42,18,0.5023923444976076,0.4534745710205278,0.371312881517032,0.16026625704045058
d0,camp_a_reported,42,19,0.5311004784688995,0.46225414313983126,0.38494117051473703,0.1641949152542373
d0,camp_a_reported,42,20,0.5291866028708134,0.4658948231588119,0.38841265504595895,0.18100415733930286
d0,camp_a_reported,42,21,0.5244019138755981,0.4652831184586078,0.3892172642000128,0.18305504019789734
d0,camp_a_reported,42,22,0.5263157894736842,0.46898865321109223,0.38867187017857013,0.17474600870827287
d0,camp_a_reported,42,23,0.522488038277512,0.4629720697164293,0.3844215918209484,0.1766996106618748
d0,camp_a_reported,42,24,0.5167464114832536,0.4589554256663656,0.3774734183705008,0.1843137254901961
d0,camp_a_reported,42,25,0.5253588516746411,0.47676275485736597,0.3934868116284997,0.19361393323657475
d0,camp_a_reported,42,26,0.5349282296650718,0.4807085288778537,0.4005361446859132,0.1888111888111888
d0,camp_a_reported,42,27,0.5406698564593302,0.4885601297902441,0.4077326496339246,0.20843091334894615
d0,camp_a_reported,42,28,0.5282296650717704,0.47922518097110195,0.3984270640430777,0.2055737704918033
d0,camp_a_reported,42,29,0.5282296650717704,0.4827992184182058,0.3982568243734856,0.21997052321296978
d0,camp_a_reported,42,30,0.5301435406698565,0.4675178432725045,0.3939119349665289,0.17735247208931418
d0,camp_a_reported,42,31,0.5148325358851674,0.4696347359626843,0.38588961554596823,0.20018915510718788
d0,camp_a_reported,42,32,0.5215311004784688,0.4674135754746408,0.3892554848973699,0.19548872180451127
d0,camp_a_reported,42,33,0.5282296650717704,0.4798145125678866,0.3954900920057293,0.1896551724137931
d0,camp_a_reported,42,34,0.5205741626794258,0.4630213167411122,0.388019257162056,0.19454545454545455
d0,camp_a_reported,42,35,0.5244019138755981,0.46919612003343375,0.391718924609025,0.19281045751633988
d0,camp_a_reported,42,36,0.5377990430622009,0.4712405049756222,0.4011846993134525,0.19555555555555557
d0,camp_a_reported,42,37,0.5253588516746411,0.4686531590098187,0.38976108389536307,0.17857142857142858
d0,camp_a_reported,42,38,0.5253588516746411,0.45743492897188986,0.38796968858025854,0.18226120857699804
d0,camp_a_reported,42,39,0.5196172248803828,0.4624907984427071,0.38427952329640963,0.17735247208931418
d0,camp_a_reported,42,40,0.538755980861244,0.46836477216327677,0.39817940110880307,0.19121915820029028
d0,earn,42,1,0.4028708133971292,0.24748034996485746,0.22946948162347983,0.0
d0,earn,42,2,0.43923444976076553,0.29229982875259647,0.2626544051856262,0.0
d0,earn,42,3,0.47464114832535886,0.3357634927299677,0.29744140539560143,0.05714285714285714
d0,earn,42,4,0.4966507177033493,0.3516847020368758,0.31315698942034004,0.06521739130434782
d0,earn,42,5,0.49569377990430624,0.4016071742907818,0.3492233671046705,0.13837730214036834
d0,earn,42,6,0.508133971291866,0.41507353179712997,0.3604680169960349,0.16451612903225807
d0,earn,42,7,0.522488038277512,0.437196472319813,0.38195674800622365,0.20903225806451614
d0,earn,42,8,0.5272727272727272,0.44649318001853583,0.38345406235029517,0.19667359667359668
d0,earn,42,9,0.522488038277512,0.4650891278326147,0.385679967594396,0.20733149389042177
d0,earn,42,10,0.5311004784688995,0.4403567949197949,0.3826416497147212,0.18907563025210083
d0,earn,42,11,0.5349282296650718,0.4624269445536196,0.3877594851771128,0.1976470588235294
d0,earn,42,12,0.522488038277512,0.4574710079070781,0.38440060879932064,0.1855737704918033
d0,earn,42,13,0.5110047846889952,0.4525677848880143,0.3730373737949658,0.18556005398110662
d0,earn,42,14,0.5138755980861244,0.4562606679944366,0.3735671398917336,0.1716589861751152
d0,earn,42,15,0.5311004784688995,0.46841981988966125,0.39267453682438674,0.1978494623655914
d0,earn,42,16,0.5320574162679426,0.4655738105320094,0.3924279573852504,0.20302694721299372
d0,earn,42,17,0.5272727272727272,0.46891751318014535,0.3873946900016926,0.19432624113475178
d0,earn,42,18,0.5100478468899522,0.4579169354914609,0.3783782937896339,0.1792663476874003
d0,earn,42,19,0.5311004784688995,0.46544815167941767,0.3909232994945517,0.1889655172413793
d0,earn,42,20,0.5377990430622009,0.46023906185666813,0.39219694381821435,0.18494897959183673
d0,earn,42,21,0.5311004784688995,0.4710013614342085,0.39632683897740817,0.19710144927536233
d0,earn,42,22,0.5320574162679426,0.4720946048297629,0.39632993227034324,0.20316205533596837
d0,earn,42,23,0.5291866028708134,0.4564261739339544,0.38982288943371657,0.18771043771043772
d0,earn,42,24,0.5215311004784688,0.45453438660081513,0.38018788031990447,0.18426334805299077
d0,earn,42,25,0.5311004784688995,0.4576443652745922,0.39201885357878846,0.18381180223285487
d0,earn,42,26,0.5358851674641149,0.4537421490360222,0.39456480642647473,0.1869047619047619
d0,earn,42,27,0.5435406698564593,0.4592693023063866,0.4004849298165914,0.17904761904761904
d0,earn,42,28,0.5311004784688995,0.4714724715193683,0.399838147921375,0.2074074074074074
d0,earn,42,29,0.5311004784688995,0.44227720055284464,0.3844142829178146,0.16361788617886178
d0,earn,42,30,0.5349282296650718,0.44832576688434983,0.3908615051805562,0.16847826086956522
d0,earn,42,31,0.5196172248803828,0.4516405237744581,0.3833060907426464,0.1864831038798498
d0,earn,42,32,0.5282296650717704,0.459545430614329,0.3931440980492663,0.20535714285714285
d0,earn,42,33,0.5330143540669856,0.4539665256348835,0.389292164235303,0.15931372549019607
d0,earn,42,34,0.5244019138755981,0.44335069292683077,0.3867996676019974,0.19179600886917958
d0,earn,42,35,0.522488038277512,0.4481801338975596,0.3853753507355589,0.17891682785299806
d0,earn,42,36,0.5416267942583732,0.45265657519659797,0.40051447983171024,0.19444444444444445
d0,earn,42,37,0.5311004784688995,0.45151681224772844,0.38853718460331244,0.16932624113475175
d0,earn,42,38,0.5358851674641149,0.440661694227348,0.388590780174234,0.1702127659574468
d0,earn,42,39,0.522488038277512,0.4438472833772762,0.3815878551863379,0.1702127659574468
d0,earn,42,40,0.5425837320574163,0.4537172257993947,0.397831271792018,0.17777777777777778
d1,fedavg,42,1,0.4019138755980861,0.25440065102630954,0.2398657886362079,0.05263157894736842
d1,fedavg,42,2,0.47081339712918663,0.30398341578428606,0.2707422286592953,0.058823529411764705
d1,fedavg,42,3,0.4602870813397129,0.3296943715411763,0.293192089784735,0.04878048780487805
d1,fedavg,42,4,0.48708133971291867,0.3382883453751588,0.30022615401009084,0.0392156862745098
d1,fedavg,42,5,0.48229665071770333,0.33014183553479354,0.2980481498158823,0.05
d1,fedavg,42,6,0.5043062200956938,0.35768096664409094,0.33050640329541636,0.08854166666666666
d1,fedavg,42,7,0.48325358851674644,0.34728656158558996,0.3051922051523697,0.05405405405405406
d1,fedavg,42,8,0.5100478468899522,0.36655439974478565,0.329433549091243,0.04411764705882353
d1,fedavg,42,9,0.5119617224880383,0.3852142538218389,0.34736912170824674,0.10818713450292397
d1,fedavg,42,10,0.5138755980861244,0.3878456461434695,0.34910925710059,0.09259259259259259
d1,fedavg,42,11,0.5052631578947369,0.38280991590719593,0.33961582396146106,0.09825195901145267
d1,fedavg,42,12,0.5129186602870813,0.39045950363095255,0.3418829931733395,0.09126984126984126
d1,fedavg,42,13,0.5033492822966508,0.3862803807971155,0.3329765750889641,0.05263157894736842
d1,fedavg,42,14,0.5043062200956938,0.4233918732052864,0.3642906082837521,0.12900641025641027
d1,fedavg,42,15,0.5177033492822967,0.3897573820017519,0.3533253824553812,0.11287758346581876
d1,fedavg,42,16,0.5377990430622009,0.41937322564332924,0.3769604086737514,0.15257352941176472
d1,fedavg,42,17,0.5473684210526316,0.4011118781113375,0.36928970834159297,0.11428571428571428
d1,fedavg,42,18,0.522488038277512,0.39072712138661825,0.35443781608473673,0.095
d1,fedavg,42,19,0.522488038277512,0.41595543737371093,0.37004608573351944,0.13114174620007069
d1,fedavg,42,20,0.5244019138755981,0.3701277373823836,0.3474647948805716,0.10096153846153846
d1,fedavg,42,21,0.5244019138755981,0.41246603494962714,0.37227792082007344,0.15164104694640632
d1,fedavg,42,22,0.5301435406698565,0.3967803259040779,0.3609640889885019,0.10049019607843138
d1,fedavg,42,23,0.5349282296650718,0.39606397230648394,0.3661764735985507,0.09827278141751042
d1,fedavg,42,24,0.5282296650717704,0.4170813287040249,0.3781042317963741,0.16782407407407407
d1,fedavg,42,25,0.509090909090909,0.4111920883689909,0.3660691404939063,0.1485445205479452
d1,fedavg,42,26,0.5253588516746411,0.42275244217039487,0.376093931656688,0.1477124183006536
d1,fedavg,42,27,0.5157894736842106,0.379699840911315,0.3426278806390433,0.06666666666666667
d1,fedavg,42,28,0.509090909090909,0.40722138399842656,0.3610149630395673,0.11896551724137931
d1,fedavg,42,29,0.5320574162679426,0.4096900102206243,0.3757524086352713,0.13025210084033612
d1,fedavg,42,30,0.5177033492822967,0.4121074968734982,0.36869626382893156,0.14977375565610862
d1,fedavg,42,31,0.523444976076555,0.41748496908727895,0.37652124819559873,0.14026162790697674
d1,fedavg,42,32,0.522488038277512,0.401706927043903,0.35712030195173733,0.1015531660692951
d1,fedavg,42,33,0.5330143540669856,0.42475324916525053,0.38214150976533245,0.16600985221674877
d1,fedavg,42,34,0.5358851674641149,0.4222825074230699,0.3878974437258758,0.16428571428571428
d1,fedavg,42,35,0.5205741626794258,0.43400785515848295,0.37485033573411036,0.15553199010250973
d1,fedavg,42,36,0.5196172248803828,0.4000867364929831,0.36352248436355794,0.12939958592132506
d1,fedavg,42,37,0.5282296650717704,0.3795428587069424,0.3531197350064635,0.08333333333333333
d1,fedavg,42,38,0.5349282296650718,0.40229635388364177,0.3713240379117126,0.11751412429378531
d1,fedavg,42,39,0.5454545454545454,0.38739802596366774,0.3700880742129815,0.10023584905660377
d1,fedavg,42,40,0.5119617224880383,0.408150229188989,0.3638685641974995,0.13171399247348614
d1,camp_a_reported,42,1,0.4047846889952153,0.2710078014932306,0.247355010784712,0.06666666666666667
d1,camp_a_reported,42,2,0.47081339712918663,0.3049457249416348,0.2698910217572341,0.05405405405405406
d1,camp_a_reported,42,3,0.45454545454545453,0.3307082104347879,0.2921007386399813,0.05
d1,camp_a_reported,42,4,0.4880382775119617,0.3504038306092723,0.30602175481298916,0.06
d1,camp_a_reported,42,5,0.4851674641148325,0.3947071515273346,0.33360905430932075,0.14918032786885246
d1,camp_a_reported,42,6,0.5004784688995215,0.4000655330187599,0.3469794288187766,0.1456582633053221
d1,camp_a_reported,42,7,0.48038277511961724,0.39634418761023943,0.33542564348408016,0.15194805194805194
d1,camp_a_reported,42,8,0.5014354066985646,0.3909194870205015,0.34637968976684647,0.127789046653144
d1,camp_a_reported,42,9,0.5043062200956938,0.4133163729162073,0.3525219923583579,0.1349206349206349
d1,camp_a_reported,42,10,0.5110047846889952,0.4376361896491714,0.37136210259133173,0.16001183081928425
d1,camp_a_reported,42,11,0.508133971291866,0.4348491086726076,0.3702101990982835,0.1936834094368341
d1,camp_a_reported,42,12,0.5138755980861244,0.4543297092402942,0.3726058487153798,0.17878700776085082
d1,camp_a_reported,42,13,0.49569377990430624,0.4296471423338267,0.3618989112425573,0.16374269005847952
d1,camp_a_reported,42,14,0.49856459330143543,0.4554445394892224,0.37075212557379267,0.16403596403596404
d1,camp_a_reported,42,15,0.5215311004784688,0.4403830966713506,0.3750773617742897,0.17035040431266846
d1,camp_a_reported,42,16,0.5349282296650718,0.45595053594684415,0.3884053744185668,0.17918552036199095
d1,camp_a_reported,42,17,0.5406698564593302,0.4220230637899332,0.3776272731855753,0.15648286140089418
d1,camp_a_reported,42,18,0.5215311004784688,0.4347890484485311,0.3740600788035962,0.16444444444444445
d1,camp_a_reported,42,19,0.5215311004784688,0.44595058619320943,0.3752660572026397,0.15113122171945703
d1,camp_a_reported,42,20,0.5320574162679426,0.43155862300829556,0.3822287232628521,0.1736111111111111
d1,camp_a_reported,42,21,0.5253588516746411,0.43750785873221215,0.3769121604129203,0.15766503000545554
d1,camp_a_reported,42,22,0.5339712918660288,0.4377078225993617,0.3871179246160607,0.1722567287784679
d1,camp_a_reported,42,23,0.538755980861244,0.4330550855866256,0.3885814750640943,0.17027863777089783
d1,camp_a_reported,42,24,0.5311004784688995,0.42999533340648005,0.3820564398318758,0.16108452950558214
d1,camp_a_reported,42,25,0.5052631578947369,0.4411100545474861,0.3725574175383742,0.15518207282913166
d1,camp_a_reported,42,26,0.5244019138755981,0.4468613715528121,0.38189571446294074,0.16139640779155073
d1,camp_a_reported,42,27,0.5167464114832536,0.41686013525872034,0.3722978682456434,0.15017543859649124
d1,camp_a_reported,42,28,0.5043062200956938,0.4295015753220426,0.37280931063230444,0.1676190476190476
d1,camp_a_reported,42,29,0.5358851674641149,0.43508471663822756,0.38954299902847234,0.16825396825396824
d1,camp_a_reported,42,30,0.5138755980861244,0.4375589473324597,0.3758446142694078,0.16666666666666666
d1,camp_a_reported,42,31,0.5272727272727272,0.43187242316596713,0.3837970185680552,0.1611111111111111
d1,camp_a_reported,42,32,0.5205741626794258,0.43495078623631106,0.3767302477522724,0.17777777777777776
d1,camp_a_reported,42,33,0.5253588516746411,0.4357201768998266,0.3806138185638582,0.15362318840579708
d1,camp_a_reported,42,34,0.5368421052631579,0.43069957033217104,0.3833224528203552,0.14358974358974358
d1,camp_a_reported,42,35,0.5119617224880383,0.44023179519148364,0.3706511405328324,0.15918367346938775
d1,camp_a_reported,42,36,0.508133971291866,0.4076049840489836,0.3643404604532339,0.1494057724957555
d1,camp_a_reported,42,37,0.522488038277512,0.39851837213802427,0.36405485188189873,0.13142857142857142
d1,camp_a_reported,42,38,0.5358851674641149,0.43657715809996783,0.38945215369372743,0.18083538083538084
d1,camp_a_reported,42,39,0.5511961722488038,0.4171466209497718,0.38809453463113813,0.14810810810810812
d1,camp_a_reported,42,40,0.5119617224880383,0.4314808195783725,0.36984957640538924,0.14697120158887786
d1,earn,42,1,0.4,0.26301916405686954,0.24437294789658012,0.07317073170731707
d1,earn,42,2,0.46698564593301434,0.3014349749576694,0.2670685804571134,0.05555555555555555
d1,earn,42,3,0.4574162679425837,0.3302751396626443,0.29213521642358575,0.04878048780487805
d1,earn,42,4,0.47655502392344495,0.33338586249643115,0.29379706206860307,0.0392156862745098
d1,earn,42,5,0.48038277511961724,0.34607942417776866,0.3108921462958834,0.08918032786885247
d1,earn,42,6,0.5062200956937799,0.3611185306343991,0.33298240379191035,0.08391608391608392
d1,earn,42,7,0.48325358851674644,0.3589879752465161,0.3159247044580032,0.09166666666666667
d1,earn,42,8,0.49856459330143543,0.3619980790061345,0.3229095148500039,0.0410958904109589
d1,earn,42,9,0.5110047846889952,0.38084474449255123,0.3466047875951827,0.09166666666666667
d1,earn,42,10,0.5043062200956938,0.4024563014831841,0.3546225075959107,0.11579818031430934
d1,earn,42,11,0.5043062200956938,0.39358155094807995,0.3443528303594866,0.09411117226197027
d1,earn,42,12,0.507177033492823,0.41456132652441446,0.35526067823714313,0.13513513513513514
d1,earn,42,13,0.5014354066985646,0.4038215810665024,0.3473154411298963,0.09740259740259741
d1,earn,42,14,0.5014354066985646,0.42795483224789116,0.3649451433865899,0.1252540650406504
d1,earn,42,15,0.5167464114832536,0.39566996860985626,0.356204893844225,0.1090909090909091
d1,earn,42,16,0.5330143540669856,0.41701396928612294,0.3723821836775426,0.1453781512605042
d1,earn,42,17,0.5311004784688995,0.3830109181399711,0.3536891092841747,0.08782051282051281
d1,earn,42,18,0.5177033492822967,0.3892975813940031,0.34956914737200767,0.08449477351916376
d1,earn,42,19,0.5215311004784688,0.41533312699015495,0.3667771277882889,0.1215554194733619
d1,earn,42,20,0.5244019138755981,0.37717338859891464,0.3510211164460935,0.09108159392789374
d1,earn,42,21,0.5215311004784688,0.41421430345265453,0.3705237027809189,0.14496696463272446
d1,earn,42,22,0.5301435406698565,0.4151145920080988,0.37474186948609134,0.13633802816901408
d1,earn,42,23,0.5282296650717704,0.4153715463586679,0.38090201959857134,0.16416510318949346
d1,earn,42,24,0.5196172248803828,0.40525573650629976,0.3680462416651697,0.1390827517447657
d1,earn,42,25,0.509090909090909,0.4240326677491765,0.3706369440926217,0.14130434782608695
d1,earn,42,26,0.5177033492822967,0.4099129559370561,0.36673160910455244,0.12681159420289856
d1,earn,42,27,0.5110047846889952,0.3778243462853306,0.3406325998004265,0.05454545454545454
d1,earn,42,28,0.5014354066985646,0.40667335275537464,0.3577005836898602,0.12072072072072072
d1,earn,42,29,0.5301435406698565,0.42135610724119726,0.384915549687884,0.17012814847547503
d1,earn,42,30,0.5119617224880383,0.4049923618400419,0.3639787153726089,0.12681017612524462
d1,earn,42,31,0.5205741626794258,0.42517320268607317,0.37505357396225303,0.14585414585414586
d1,earn,42,32,0.5119617224880383,0.3851675063571887,0.34574702092875825,0.0828698553948832
d1,earn,42,33,0.523444976076555,0.42492637767637537,0.3788384633288252,0.1616795366795367
d1,earn,42,34,0.5301435406698565,0.4206751606324232,0.381245498043937,0.1534115601912212
d1,earn,42,35,0.5110047846889952,0.4301794146689505,0.36771218805843636,0.14222222222222222
d1,earn,42,36,0.5033492822966508,0.3927196044646478,0.3536972274561875,0.11774600504625736
d1,earn,42,37,0.5253588516746411,0.38967808184529623,0.36153516368859434,0.12169312169312169
d1,earn,42,38,0.5311004784688995,0.3997346983437881,0.3686310497280493,0.11714770797962648
d1,earn,42,39,0.55311004784689,0.41630348236523634,0.39095102534701126,0.16376531270148292
d1,earn,42,40,0.508133971291866,0.4066294601783978,0.36073643812008466,0.12398190045248869
