split,rule,seed,round,accuracy,balanced_accuracy,macro_f1,rare_macro_f1,f1_0_Infectious_Disorders,f1_1_Inflammatory_Disorders,f1_2_Keratanisation_Disorders,f1_3_Neoplasms_and_tumors,f1_4_Other_skin_disorders,f1_5_Pigmentary_Disorders,f1_6_Skin_Appendages_Disorders
d0,fedavg,42,1,0.4028708133971292,0.247355965086949,0.22933735098847882,0.0,0.5439814814814815,0.33067729083665337,0.0,0.0,0.04878048780487805,0.2608695652173913,0.42105263157894735
d0,fedavg,42,2,0.4430622009569378,0.298640890036926,0.2679632464007877,0.0,0.5679676985195155,0.42066420664206644,0.0,0.0,0.07792207792207792,0.3125,0.4966887417218543
d0,fedavg,42,3,0.4755980861244019,0.33717791988696916,0.2983200208883982,0.05714285714285714,0.6174016686531585,0.3565217391304348,0.11428571428571428,0.0,0.0967741935483871,0.37866666666666665,0.5245901639344263
d0,fedavg,42,4,0.4966507177033493,0.352758181358896,0.3131193794943652,0.06382978723404255,0.6478209658421673,0.4024640657084189,0.1276595744680851,0.0,0.0963855421686747,0.3987341772151899,0.5187713310580204
d0,fedavg,42,5,0.49186602870813395,0.3999946131950399,0.3471954770061782,0.13837730214036834,0.6327827191867853,0.3967280163599182,0.08163265306122448,0.1951219512195122,0.14925373134328357,0.43410852713178294,0.5407407407407407
d0,fedavg,42,6,0.5110047846889952,0.41646952993579917,0.36217952251603946,0.16451612903225807,0.6530089628681178,0.45436893203883494,0.12903225806451613,0.2,0.1111111111111111,0.44036697247706424,0.5473684210526316
d0,fedavg,42,7,0.5196172248803828,0.4353947267546606,0.37771533037712074,0.20121212121212123,0.6546329723225031,0.40764331210191085,0.16,0.24242424242424243,0.14492753623188406,0.4598337950138504,0.5745454545454546
d0,fedavg,42,8,0.5272727272727272,0.4489082864979138,0.38651793656156996,0.20346320346320346,0.6593137254901961,0.44921875,0.12121212121212122,0.2857142857142857,0.16393442622950818,0.4507936507936508,0.5754385964912281
d0,fedavg,42,9,0.523444976076555,0.4659602079719876,0.38592578423096296,0.20532915360501566,0.6573957016434893,0.4276729559748428,0.13793103448275862,0.2727272727272727,0.13513513513513514,0.4772117962466488,0.5934065934065934
d0,fedavg,42,10,0.5311004784688995,0.4403567949197949,0.38354659164865046,0.19264069264069264,0.6634730538922156,0.42916666666666664,0.14285714285714285,0.24242424242424243,0.136986301369863,0.48255813953488375,0.587360594795539
d0,fedavg,42,11,0.5301435406698565,0.45114043412961624,0.3801377414125048,0.17887154861944776,0.6642685851318945,0.43673469387755104,0.12244897959183673,0.23529411764705882,0.15625,0.4662576687116564,0.5797101449275363
d0,fedavg,42,12,0.523444976076555,0.45876105018617114,0.3851513660915903,0.1855737704918033,0.6422976501305483,0.4753199268738574,0.13114754098360656,0.24,0.12658227848101267,0.4807121661721068,0.6
d0,fedavg,42,13,0.5119617224880383,0.45779421058224923,0.3763233377620851,0.18681318681318682,0.6440251572327044,0.43902439024390244,0.14285714285714285,0.23076923076923078,0.11428571428571428,0.4723926380368098,0.5909090909090909
d0,fedavg,42,14,0.5148325358851674,0.45808084257792103,0.3746126718522761,0.1716589861751152,0.6441102756892231,0.42323651452282157,0.12903225806451613,0.21428571428571427,0.12195121951219512,0.4942528735632184,0.5954198473282443
d0,fedavg,42,15,0.5301435406698565,0.46807887205467996,0.39182284561664066,0.19682539682539682,0.6496815286624203,0.45614035087719296,0.12698412698412698,0.26666666666666666,0.14925373134328357,0.5014409221902018,0.5925925925925926
d0,fedavg,42,16,0.5263157894736842,0.46262483658400494,0.3894524448267717,0.20634920634920634,0.6516290726817042,0.44696969696969696,0.12698412698412698,0.2857142857142857,0.12345679012345678,0.49504950495049505,0.5963636363636363
d0,fedavg,42,17,0.523444976076555,0.4667748197800119,0.3845711123598795,0.19432624113475178,0.6593137254901961,0.4149377593360996,0.13333333333333333,0.2553191489361702,0.13953488372093023,0.4953560371517028,0.5942028985507246
d0,fedavg,42,18,0.507177033492823,0.4568940919865172,0.3772161058295702,0.18128654970760233,0.6347941567065073,0.44573643410852715,0.14035087719298245,0.2222222222222222,0.10434782608695652,0.49714285714285716,0.5959183673469388
d0,fedavg,42,19,0.5330143540669856,0.4672035266714004,0.39369158319364406,0.1939655172413793,0.6466165413533834,0.4594594594594595,0.13793103448275862,0.25,0.1388888888888889,0.5087719298245614,0.6141732283464567
d0,fedavg,42,20,0.5358851674641149,0.4590270338823141,0.39149183016220535,0.1875,0.6585365853658537,0.45849802371541504,0.125,0.25,0.13333333333333333,0.5015290519877675,0.6135458167330677
d0,fedavg,42,21,0.5349282296650718,0.47314405483434196,0.3987440817466797,0.19710144927536233,0.648854961832061,0.467680608365019,0.13333333333333333,0.2608695652173913,0.14814814814814814,0.5132743362831859,0.6190476190476191
d0,fedavg,42,22,0.5311004784688995,0.4614715610573897,0.3919062225857092,0.18703855619360132,0.651685393258427,0.44223107569721115,0.11320754716981132,0.2608695652173913,0.14457831325301204,0.5098039215686274,0.6209677419354839
d0,fedavg,42,23,0.5282296650717704,0.45609844081221024,0.388933606760336,0.18636363636363634,0.6402048655569782,0.48175182481751827,0.14545454545454545,0.22727272727272727,0.13793103448275862,0.4792332268370607,0.6106870229007634
d0,fedavg,42,24,0.5205741626794258,0.45352570687029675,0.380068751738367,0.18703855619360132,0.6539379474940334,0.40085287846481876,0.11320754716981132,0.2608695652173913,0.12631578947368421,0.49693251533742333,0.6083650190114068
d0,fedavg,42,25,0.5330143540669856,0.4589807781268548,0.39341571346773624,0.18506493506493504,0.645326504481434,0.47689463955637706,0.14285714285714285,0.22727272727272727,0.13953488372093023,0.5060240963855421,0.616
d0,fedavg,42,26,0.539712918660287,0.4575016687758045,0.3981495594673942,0.18787878787878787,0.6444444444444445,0.4721189591078067,0.10909090909090909,0.26666666666666666,0.14925373134328357,0.5178571428571429,0.6276150627615062
d0,fedavg,42,27,0.5444976076555024,0.45973463501927636,0.40054604566709123,0.17904761904761904,0.6505102040816326,0.48237476808905383,0.12,0.23809523809523808,0.16216216216216217,0.5157593123209169,0.6349206349206349
d0,fedavg,42,28,0.5339712918660288,0.4630053358603657,0.39762497295144694,0.19405594405594406,0.640926640926641,0.4767225325884544,0.11538461538461539,0.2727272727272727,0.13186813186813187,0.5202312138728323,0.6255144032921811
d0,fedavg,42,29,0.5311004784688995,0.4422904152660817,0.38409128433138745,0.16450441100155683,0.6514575411913816,0.4580152671755725,0.0851063829787234,0.24390243902439024,0.13636363636363635,0.49258160237388726,0.6212121212121212
d0,fedavg,42,30,0.5377990430622009,0.44811815339660716,0.39277794841132174,0.17391304347826086,0.6436781609195402,0.5008880994671403,0.08695652173913043,0.2608695652173913,0.13636363636363635,0.5,0.6206896551724138
d0,fedavg,42,31,0.5215311004784688,0.4432381877069573,0.37956410010445907,0.16847590099869733,0.6440251572327044,0.45038167938931295,0.08163265306122448,0.2553191489361702,0.12,0.4968944099378882,0.6086956521739131
d0,fedavg,42,32,0.5272727272727272,0.4483922545375642,0.38533204233673873,0.17891682785299806,0.6485148514851485,0.4351297405189621,0.0851063829787234,0.2727272727272727,0.13793103448275862,0.509915014164306,0.608
d0,fedavg,42,33,0.5349282296650718,0.4554273233650545,0.3905842082421285,0.15931372549019607,0.6394736842105263,0.488245931283906,0.08333333333333333,0.23529411764705882,0.13636363636363635,0.5202312138728323,0.6311475409836066
d0,fedavg,42,34,0.523444976076555,0.4419494804830663,0.38465963213862375,0.18831168831168832,0.6486486486486487,0.43529411764705883,0.09090909090909091,0.2857142857142857,0.11538461538461539,0.5,0.6166666666666667
d0,fedavg,42,35,0.523444976076555,0.44783397175748313,0.38694931737152116,0.18498942917547567,0.639686684073107,0.46616541353383456,0.09090909090909091,0.27906976744186046,0.10810810810810811,0.504297994269341,0.6204081632653061
d0,fedavg,42,36,0.5406698564593302,0.4501686687175764,0.39742669419749876,0.1873015873015873,0.6476683937823834,0.5025996533795494,0.08888888888888889,0.2857142857142857,0.14285714285714285,0.5014925373134328,0.6127659574468085
d0,fedavg,42,37,0.5311004784688995,0.44991320062131673,0.389204918859219,0.17681159420289855,0.650571791613723,0.45857418111753373,0.08695652173913043,0.26666666666666666,0.1276595744680851,0.5068870523415978,0.6271186440677966
d0,fedavg,42,38,0.5349282296650718,0.4398038288012123,0.3881395045370556,0.1758893280632411,0.6524317912218268,0.46296296296296297,0.09090909090909091,0.2608695652173913,0.14457831325301204,0.48184818481848185,0.6233766233766234
d0,fedavg,42,39,0.5205741626794258,0.4428840251587391,0.37990104657437723,0.16944444444444445,0.6406052963430012,0.45384615384615384,0.08888888888888889,0.25,0.1111111111111111,0.49696969696969695,0.6178861788617886
d0,fedavg,42,40,0.5464114832535886,0.45693339852154835,0.40381685978678294,0.19285309132161088,0.6463104325699746,0.5017921146953405,0.09302325581395349,0.2926829268292683,0.16216216216216217,0.5057471264367817,0.625
d1,fedavg,42,1,0.4019138755980861,0.25440065102630954,0.2398657886362079,0.05263157894736842,0.5324232081911263,0.33211678832116787,0.10526315789473684,0.0,0.03773584905660377,0.2747603833865815,0.3967611336032389
d1,fedavg,42,2,0.47081339712918663,0.30398341578428606,0.2707422286592953,0.058823529411764705,0.6132723112128147,0.39080459770114945,0.11764705882352941,0.0,0.0,0.30363036303630364,0.46984126984126984
d1,fedavg,42,3,0.4602870813397129,0.3296943715411763,0.293192089784735,0.04878048780487805,0.595108695652174,0.41544117647058826,0.0975609756097561,0.0,0.08,0.3541666666666667,0.5100671140939598
d1,fedavg,42,4,0.48708133971291867,0.3382883453751588,0.30022615401009084,0.0392156862745098,0.6328502415458938,0.37209302325581395,0.0784313725490196,0.0,0.10526315789473684,0.4031413612565445,0.5098039215686274
d1,fedavg,42,5,0.48229665071770333,0.33014183553479354,0.2980481498158823,0.05,0.6467889908256881,0.4057377049180328,0.1,0.0,0.07476635514018691,0.35714285714285715,0.5019011406844106
d1,fedavg,42,6,0.5043062200956938,0.35768096664409094,0.33050640329541636,0.08854166666666666,0.6410891089108911,0.46099290780141844,0.09375,0.08333333333333333,0.08955223880597014,0.40514469453376206,0.5396825396825397
d1,fedavg,42,7,0.48325358851674644,0.34728656158558996,0.3051922051523697,0.05405405405405406,0.6431014823261118,0.39337474120082816,0.10810810810810811,0.0,0.10309278350515463,0.3655913978494624,0.5230769230769231
d1,fedavg,42,8,0.5100478468899522,0.36655439974478565,0.329433549091243,0.04411764705882353,0.6405228758169934,0.48788927335640137,0.08823529411764706,0.0,0.12048192771084337,0.4166666666666667,0.5522388059701493
d1,fedavg,42,9,0.5119617224880383,0.3852142538218389,0.34736912170824674,0.10818713450292397,0.6571087216248507,0.4361493123772102,0.1111111111111111,0.10526315789473684,0.0963855421686747,0.4695121951219512,0.5560538116591929
d1,fedavg,42,10,0.5138755980861244,0.3878456461434695,0.34910925710059,0.09259259259259259,0.6432291666666666,0.4842105263157895,0.1111111111111111,0.07407407407407407,0.1282051282051282,0.44648318042813456,0.5564516129032258
d1,fedavg,42,11,0.5052631578947369,0.38280991590719593,0.33961582396146106,0.09825195901145267,0.6522262334536703,0.4050632911392405,0.10126582278481013,0.09523809523809523,0.0963855421686747,0.45348837209302323,0.5736434108527132
d1,fedavg,42,12,0.5129186602870813,0.39045950363095255,0.3418829931733395,0.09126984126984126,0.6617826617826618,0.4136460554371002,0.1111111111111111,0.07142857142857142,0.09523809523809523,0.47701149425287354,0.562962962962963
d1,fedavg,42,13,0.5033492822966508,0.3862803807971155,0.3329765750889641,0.05263157894736842,0.6263440860215054,0.4490566037735849,0.10526315789473684,0.0,0.09411764705882353,0.47674418604651164,0.5793103448275863
d1,fedavg,42,14,0.5043062200956938,0.4233918732052864,0.3642906082837521,0.12900641025641027,0.6345903771131339,0.4510166358595194,0.10416666666666667,0.15384615384615385,0.13636363636363635,0.48427672955974843,0.5857740585774058
d1,fedavg,42,15,0.5177033492822967,0.3897573820017519,0.3533253824553812,0.11287758346581876,0.6533018867924528,0.41916167664670656,0.10810810810810811,0.11764705882352941,0.09090909090909091,0.484149855907781,0.6
d1,fedavg,42,16,0.5377990430622009,0.41937322564332924,0.3769604086737514,0.15257352941176472,0.6658291457286433,0.46972477064220186,0.11764705882352941,0.1875,0.1111111111111111,0.4943181818181818,0.5925925925925926
d1,fedavg,42,17,0.5473684210526316,0.4011118781113375,0.36928970834159297,0.11428571428571428,0.6722288438617402,0.48300536672629696,0.13333333333333333,0.09523809523809523,0.13333333333333333,0.4709897610921502,0.5968992248062015
d1,fedavg,42,18,0.522488038277512,0.39072712138661825,0.35443781608473673,0.095,0.6549295774647887,0.40718562874251496,0.10666666666666667,0.08333333333333333,0.11940298507462686,0.5045045045045045,0.6050420168067226
d1,fedavg,42,19,0.522488038277512,0.41595543737371093,0.37004608573351944,0.13114174620007069,0.654320987654321,0.46126126126126127,0.11594202898550725,0.14634146341463414,0.13793103448275862,0.48322147651006714,0.591304347826087
d1,fedavg,42,20,0.5244019138755981,0.3701277373823836,0.3474647948805716,0.10096153846153846,0.6526082130965594,0.3942505133470226,0.125,0.07692307692307693,0.1,0.4941860465116279,0.5892857142857143
d1,fedavg,42,21,0.5244019138755981,0.41246603494962714,0.37227792082007344,0.15164104694640632,0.6535626535626535,0.4372623574144487,0.0963855421686747,0.20689655172413793,0.09523809523809523,0.49266862170087977,0.6239316239316239
d1,fedavg,42,22,0.5301435406698565,0.3967803259040779,0.3609640889885019,0.10049019607843138,0.6552984165651644,0.450281425891182,0.11764705882352941,0.08333333333333333,0.12698412698412698,0.486646884272997,0.6065573770491803
d1,fedavg,42,23,0.5349282296650718,0.39606397230648394,0.3661764735985507,0.09827278141751042,0.6575,0.47198641765704585,0.1095890410958904,0.08695652173913043,0.1509433962264151,0.4854368932038835,0.6008230452674898
d1,fedavg,42,24,0.5282296650717704,0.4170813287040249,0.3781042317963741,0.16782407407407407,0.6618876941457587,0.42748091603053434,0.14814814814814814,0.1875,0.11904761904761904,0.4955223880597015,0.6071428571428571
d1,fedavg,42,25,0.509090909090909,0.4111920883689909,0.3660691404939063,0.1485445205479452,0.648854961832061,0.4331450094161959,0.1095890410958904,0.1875,0.0970873786407767,0.47761194029850745,0.6086956521739131
d1,fedavg,42,26,0.5253588516746411,0.42275244217039487,0.376093931656688,0.1477124183006536,0.6531585220500596,0.43856332703213613,0.11764705882352941,0.17777777777777778,0.13157894736842105,0.5139318885448917,0.6
d1,fedavg,42,27,0.5157894736842106,0.379699840911315,0.3426278806390433,0.06666666666666667,0.6420382165605095,0.47017543859649125,0.13333333333333333,0.0,0.0970873786407767,0.4717607973421927,0.584
d1,fedavg,42,28,0.509090909090909,0.40722138399842656,0.3610149630395673,0.11896551724137931,0.6312925170068027,0.46748681898066785,0.1,0.13793103448275862,0.10309278350515463,0.5,0.5873015873015873
d1,fedavg,42,29,0.5320574162679426,0.4096900102206243,0.3757524086352713,0.13025210084033612,0.6479902557856273,0.46511627906976744,0.11764705882352941,0.14285714285714285,0.16129032258064516,0.4936708860759494,0.6016949152542372
d1,fedavg,42,30,0.5177033492822967,0.4121074968734982,0.36869626382893156,0.14977375565610862,0.6511056511056511,0.44652908067542213,0.12307692307692308,0.17647058823529413,0.10101010101010101,0.4792332268370607,0.603448275862069
d1,fedavg,42,31,0.523444976076555,0.41748496908727895,0.37652124819559873,0.14026162790697674,0.648786717752235,0.4658493870402802,0.09302325581395349,0.1875,0.14492753623188406,0.4921135646687697,0.603448275862069
d1,fedavg,42,32,0.522488038277512,0.401706927043903,0.35712030195173733,0.1015531660692951,0.6510480887792849,0.4346153846153846,0.12903225806451613,0.07407407407407407,0.12987012987012986,0.49693251533742333,0.5842696629213483
d1,fedavg,42,33,0.5330143540669856,0.42475324916525053,0.38214150976533245,0.16600985221674877,0.6435246995994659,0.5040916530278232,0.10344827586206896,0.22857142857142856,0.13333333333333333,0.4691358024691358,0.5928853754940712
d1,fedavg,42,34,0.5358851674641149,0.4222825074230699,0.3878974437258758,0.16428571428571428,0.6552984165651644,0.46536412078152756,0.1,0.22857142857142856,0.15151515151515152,0.4878048780487805,0.6267281105990783
d1,fedavg,42,35,0.5205741626794258,0.43400785515848295,0.37485033573411036,0.15553199010250973,0.6494464944649446,0.4268774703557312,0.11594202898550725,0.1951219512195122,0.1388888888888889,0.4896755162241888,0.608
d1,fedavg,42,36,0.5196172248803828,0.4000867364929831,0.36352248436355794,0.12939958592132506,0.650887573964497,0.43100189035916825,0.11594202898550725,0.14285714285714285,0.125,0.4721311475409836,0.6068376068376068
d1,fedavg,42,37,0.5282296650717704,0.3795428587069424,0.3531197350064635,0.08333333333333333,0.6553808948004837,0.450281425891182,0.08333333333333333,0.08333333333333333,0.12195121951219512,0.4831804281345566,0.5943775100401606
d1,fedavg,42,38,0.5349282296650718,0.40229635388364177,0.3713240379117126,0.11751412429378531,0.657601977750309,0.4716312056737589,0.1016949152542373,0.13333333333333333,0.15151515151515152,0.48598130841121495,0.5975103734439834
d1,fedavg,42,39,0.5454545454545454,0.38739802596366774,0.3700880742129815,0.10023584905660377,0.6498740554156172,0.5221518987341772,0.07547169811320754,0.125,0.13793103448275862,0.4863013698630137,0.5938864628820961
d1,fedavg,42,40,0.5119617224880383,0.408150229188989,0.3638685641974995,0.13171399247348614,0.6451612903225806,0.416988416988417,0.10126582278481013,0.16216216216216217,0.12987012987012986,0.4810126582278481,0.6106194690265486
